,Provincia,Depto,Población,Cantidad de hogares,Hogares con agua corriente de red (%),Hogares con cloacas (%),Hogares con gas de red (%),Hogares con acceso a internet (%),Población con vivienda propia (%),Población inquilina (%),Escolaridad de menores de entre 3-17 años (%),Población sin cobertura de salud (%),Latitud,Longitud
0,CIUDAD AUTÓNOMA DE BUENOS AIRES,CIUDAD AUTÓNOMA DE BUENOS AIRES,3121707,1406735,98.0,98.8,78.5,90.0,54.0,34.5,96.8,16.2,-34.61449,-58.44585
1,BUENOS AIRES,ALMIRANTE BROWN,584827,187107,54.4,40.6,61.0,82.5,74.5,10.4,94.2,39.1,-34.83557,-58.3674
2,BUENOS AIRES,AVELLANEDA,367554,134851,96.4,80.3,71.7,85.1,65.5,20.5,96.2,28.0,-34.67821,-58.34112
3,BUENOS AIRES,BERAZATEGUI,358712,116419,89.8,75.9,62.4,85.9,72.8,11.7,95.9,36.0,-34.81797,-58.15526
4,BUENOS AIRES,ESTEBAN ECHEVERRÍA,338480,108363,60.7,49.0,55.9,81.9,73.2,13.6,92.8,41.4,-34.83121,-58.47697
5,BUENOS AIRES,JOSÉ M. EZEIZA,201511,62802,49.3,35.0,50.0,76.0,74.7,11.7,93.3,40.5,-34.87582,-58.56484
6,BUENOS AIRES,FLORENCIO VARELA,496433,146253,82.9,45.7,42.4,77.1,74.0,8.4,91.8,47.5,-34.87787,-58.25864
7,BUENOS AIRES,GENERAL SAN MARTÍN,450575,161480,97.1,75.2,68.2,83.4,65.2,21.3,95.1,31.0,-34.55265,-58.56431
8,BUENOS AIRES,HURLINGHAM,185641,63547,44.7,55.5,72.6,85.5,68.0,15.6,96.0,31.8,-34.59921,-58.64969
9,BUENOS AIRES,ITUZAINGÓ,180232,62587,25.9,38.1,73.5,87.0,72.2,12.3,97.0,26.0,-34.636,-58.68876
10,BUENOS AIRES,JOSÉ C. PAZ,326992,98119,15.0,8.2,37.0,76.4,74.6,10.6,91.7,46.6,-34.51188,-58.77767
11,BUENOS AIRES,LA MATANZA,1841247,576586,90.5,57.6,52.3,78.9,69.1,16.1,92.4,46.0,-34.77016,-58.62545
12,BUENOS AIRES,LANÚS,461267,167953,96.1,56.9,73.4,86.0,67.4,18.8,95.5,28.0,-34.70578,-58.39545
13,BUENOS AIRES,LOMAS DE ZAMORA,690323,234615,94.3,46.3,60.7,81.5,72.2,14.4,94.3,37.8,-34.75547,-58.42408
14,BUENOS AIRES,MALVINAS ARGENTINAS,350674,107589,13.8,9.2,50.4,81.6,70.6,12.8,93.7,40.3,-34.4873,-58.71213
15,BUENOS AIRES,MERLO,582486,182654,41.5,39.0,42.6,78.8,73.9,10.9,93.8,46.4,-34.71089,-58.74188
16,BUENOS AIRES,MORENO,576632,181244,35.9,31.8,30.9,75.2,76.1,10.4,93.2,50.2,-34.61062,-58.81092
17,BUENOS AIRES,MORÓN,331183,128619,89.5,78.8,80.8,88.9,66.0,19.4,96.9,22.3,-34.64914,-58.61984
18,BUENOS AIRES,QUILMES,633391,214681,94.9,77.2,60.1,81.3,72.6,13.6,94.7,35.7,-34.73501,-58.27689
19,BUENOS AIRES,SAN FERNANDO,171616,60344,96.6,92.4,65.4,82.0,64.7,20.8,95.6,30.8,-34.15127,-58.54595
20,BUENOS AIRES,SAN ISIDRO,297282,110559,97.9,93.9,77.2,88.8,69.0,19.6,96.5,19.2,-34.48695,-58.53726
21,BUENOS AIRES,SAN MIGUEL,328835,109322,42.8,48.8,57.4,83.1,68.1,18.2,94.6,35.6,-34.55209,-58.69171
22,BUENOS AIRES,TIGRE,446949,147150,72.6,34.0,51.0,86.6,70.0,16.4,95.1,31.1,-34.38159,-58.59945
23,BUENOS AIRES,TRES DE FEBRERO,364176,136658,96.5,93.6,80.9,86.0,63.3,23.3,96.2,27.1,-34.59598,-58.57909
24,BUENOS AIRES,VICENTE LÓPEZ,282281,114743,98.6,98.0,81.2,91.5,64.7,23.7,96.5,13.5,-34.52651,-58.50447
25,BUENOS AIRES,ADOLFO ALSINA,17552,7182,90.0,49.0,73.3,80.7,68.9,15.2,96.4,27.2,-37.19634,-63.05601
26,BUENOS AIRES,ADOLFO GONZALES CHAVES,12914,5119,90.9,52.4,66.2,78.3,68.1,15.5,97.3,30.8,-37.96423,-60.24908
27,BUENOS AIRES,ALBERTI,12982,4960,70.8,75.2,56.1,78.6,67.9,18.6,93.7,22.9,-35.03638,-60.28287
28,BUENOS AIRES,ARRECIFES,32215,11695,95.1,72.7,56.4,79.4,71.1,15.3,95.8,36.6,-34.01132,-60.06276
29,BUENOS AIRES,AYACUCHO,21977,8329,87.7,81.1,65.2,73.9,63.9,16.2,96.6,26.9,-37.03478,-58.44258
30,BUENOS AIRES,AZUL,75905,28364,92.6,79.9,74.7,75.6,68.0,17.2,94.9,28.5,-36.78577,-59.69665
31,BUENOS AIRES,BAHÍA BLANCA,336574,132118,96.3,82.8,80.6,85.2,65.2,23.0,96.3,27.0,-38.58085,-62.16569
32,BUENOS AIRES,BALCARCE,48982,18131,90.5,80.8,64.0,75.3,67.1,18.1,96.3,26.3,-37.71427,-58.27208
33,BUENOS AIRES,BARADERO,40002,13703,93.0,66.8,50.6,75.2,69.0,12.3,96.2,22.4,-33.93219,-59.49295
34,BUENOS AIRES,BENITO JUÁREZ,22292,8056,89.8,64.9,76.2,73.2,62.5,16.8,94.9,26.5,-37.58528,-59.8883
35,BUENOS AIRES,BERISSO,100930,34728,91.1,49.4,58.8,81.6,75.5,10.5,96.3,32.1,-34.90946,-57.82839
36,BUENOS AIRES,BOLÍVAR,37594,14802,91.6,78.0,64.9,73.8,63.6,21.4,95.6,29.5,-36.29822,-61.14968
37,BUENOS AIRES,BRAGADO,46504,17473,86.5,68.6,66.4,84.4,70.7,16.4,93.8,27.0,-35.06109,-60.60423
38,BUENOS AIRES,BRANDSEN,32448,11395,62.9,46.7,38.5,67.6,70.3,15.1,95.9,30.2,-35.22211,-58.17607
39,BUENOS AIRES,CAMPANA,110566,37455,89.4,53.7,58.9,79.5,68.5,16.3,96.3,29.1,-34.1382,-58.88302
40,BUENOS AIRES,CAÑUELAS,70684,23469,33.1,26.5,28.9,76.4,74.2,12.5,94.3,38.4,-35.14503,-58.69078
41,BUENOS AIRES,CAPITÁN SARMIENTO,15965,5752,92.2,89.8,66.7,82.5,65.3,20.2,96.9,25.6,-34.14971,-59.8548
42,BUENOS AIRES,CARLOS CASARES,23100,9198,74.2,80.6,64.1,80.9,67.5,15.8,96.6,30.5,-35.74966,-61.37375
43,BUENOS AIRES,CARLOS TEJEDOR,14079,4990,65.3,8.9,47.6,80.1,62.4,16.4,92.7,27.3,-35.37949,-62.42956
44,BUENOS AIRES,CARMEN DE ARECO,17499,6155,84.5,56.5,50.7,74.6,66.8,17.6,94.7,30.2,-34.4068,-59.88424
45,BUENOS AIRES,CASTELLI,9594,3548,81.4,77.8,54.4,76.7,62.9,17.3,96.4,22.5,-36.04167,-57.65706
46,BUENOS AIRES,CHACABUCO,52731,20147,92.1,81.7,60.8,79.0,67.2,18.9,95.8,31.5,-34.6184,-60.35393
47,BUENOS AIRES,CHASCOMÚS,42452,15685,73.3,62.3,55.8,79.6,67.5,17.6,97.0,30.4,-35.61877,-57.90432
48,BUENOS AIRES,CHIVILCOY,70839,27623,82.1,75.3,68.4,81.4,65.8,20.5,96.2,32.7,-34.91571,-59.95848
49,BUENOS AIRES,COLÓN,27504,10015,81.8,73.7,57.4,76.1,73.7,13.3,96.2,32.9,-33.88602,-61.06337
50,BUENOS AIRES,CORONEL DE MARINA LEONARDO ROSALES,67503,23520,95.6,76.4,80.5,89.0,57.9,26.5,96.2,21.1,-38.84883,-61.83604
51,BUENOS AIRES,CORONEL DORREGO,15968,6332,83.7,71.7,73.5,77.2,66.8,16.2,95.9,32.0,-38.67048,-61.09565
52,BUENOS AIRES,CORONEL PRINGLES,24420,9349,90.0,78.3,62.7,79.7,67.6,15.7,95.6,33.7,-38.14774,-61.26466
53,BUENOS AIRES,CORONEL SUÁREZ,42110,16727,87.0,53.7,78.3,81.9,72.0,16.0,96.1,27.2,-37.53255,-61.88931
54,BUENOS AIRES,DAIREAUX,18422,6748,85.8,68.1,52.3,78.7,64.1,19.8,94.7,23.8,-36.64055,-61.89142
55,BUENOS AIRES,DOLORES,32032,11617,71.6,54.7,57.6,77.4,70.0,14.8,95.3,21.8,-36.39866,-57.63261
56,BUENOS AIRES,ENSENADA,63997,22495,94.6,60.4,55.6,81.4,73.2,10.4,97.2,33.1,-34.84225,-57.97893
57,BUENOS AIRES,ESCOBAR,256268,82557,27.3,21.5,40.6,81.9,71.8,14.8,93.5,35.7,-34.32872,-58.77113
58,BUENOS AIRES,EXALTACIÓN DE LA CRUZ,40159,13775,57.1,44.9,45.8,73.8,67.8,15.9,95.8,34.4,-34.29515,-59.15591
59,BUENOS AIRES,FLORENTINO AMEGHINO,10790,3715,88.0,74.8,64.1,79.0,67.4,17.5,91.4,20.9,-34.8739,-62.40135
60,BUENOS AIRES,GENERAL ALVARADO,45526,16832,87.8,68.0,53.5,67.5,69.5,14.4,94.9,36.4,-38.20271,-58.07225
61,BUENOS AIRES,GENERAL ALVEAR,13031,3921,85.3,67.5,61.6,76.7,52.1,11.6,96.8,18.2,-36.03452,-60.13336
62,BUENOS AIRES,GENERAL ARENALES,16350,6441,86.4,52.7,65.3,81.5,73.3,15.9,96.5,26.1,-34.23746,-61.2838
63,BUENOS AIRES,GENERAL BELGRANO,20791,7951,83.1,43.5,63.7,76.3,65.7,18.9,96.3,31.3,-35.83497,-58.69805
64,BUENOS AIRES,GENERAL GUIDO,3174,1233,79.2,5.5,47.2,66.3,65.5,10.7,94.6,18.4,-36.66598,-57.99578
65,BUENOS AIRES,GENERAL JUAN MADARIAGA,22624,8241,53.5,55.1,51.9,71.8,67.5,14.1,96.5,40.3,-37.15321,-57.23079
66,BUENOS AIRES,GENERAL LA MADRID,11618,4622,75.3,28.8,63.0,81.5,70.7,11.8,96.6,25.7,-37.35571,-61.34424
67,BUENOS AIRES,GENERAL LAS HERAS,18022,6228,59.4,35.2,40.9,76.5,63.0,18.2,95.6,28.0,-34.90943,-58.99587
68,BUENOS AIRES,GENERAL LAVALLE,4870,1697,59.9,42.2,31.3,68.5,76.0,8.2,96.5,33.6,-36.65189,-56.94227
69,BUENOS AIRES,GENERAL PAZ,14207,5240,81.9,60.2,51.9,67.4,65.0,18.1,96.6,34.3,-35.4662,-58.39001
70,BUENOS AIRES,GENERAL PINTO,12941,4848,84.3,73.3,45.5,62.4,67.7,14.9,92.7,32.5,-34.66831,-62.03975
71,BUENOS AIRES,GENERAL PUEYRREDÓN,667082,259623,91.8,86.9,75.7,84.1,64.8,21.3,95.3,26.0,-37.96568,-57.74314
72,BUENOS AIRES,GENERAL RODRÍGUEZ,142709,45922,26.1,23.6,23.4,66.0,78.6,9.5,94.1,49.1,-34.65035,-58.98795
73,BUENOS AIRES,GENERAL VIAMONTE,22649,7520,52.3,63.7,48.1,79.3,67.9,15.3,86.9,33.1,-34.99757,-61.0502
74,BUENOS AIRES,GENERAL VILLEGAS,35251,12830,30.9,47.2,27.2,78.7,67.6,15.8,93.4,34.0,-34.76874,-62.95355
75,BUENOS AIRES,GUAMINÍ,11801,4656,86.0,62.2,64.7,80.4,66.0,16.3,96.6,22.1,-36.89055,-62.41877
76,BUENOS AIRES,HIPÓLITO YRIGOYEN,10661,3911,88.1,76.0,73.8,77.4,64.8,17.2,94.6,16.0,-36.25933,-61.66009
77,BUENOS AIRES,JUNÍN,103787,39095,91.2,85.5,62.8,84.0,65.9,20.4,95.5,23.5,-34.54613,-61.00549
78,BUENOS AIRES,LA COSTA,100689,38243,26.5,68.2,39.8,75.9,62.5,22.0,94.1,45.1,-36.6782,-56.71891
79,BUENOS AIRES,LA PLATA,768470,298336,87.6,68.3,68.0,84.7,67.3,19.9,95.9,27.3,-35.00349,-58.01803
80,BUENOS AIRES,LAPRIDA,11646,4424,91.2,78.5,76.2,81.3,69.6,15.1,95.2,18.1,-37.51555,-60.76806
81,BUENOS AIRES,LAS FLORES,27239,10230,90.2,70.6,64.6,66.2,71.6,15.3,94.5,30.8,-36.0157,-59.17697
82,BUENOS AIRES,LEANDRO N. ALEM,17266,6591,64.5,76.0,62.9,73.8,68.5,17.7,95.3,35.4,-34.49796,-61.61293
83,BUENOS AIRES,LEZAMA,6221,2418,85.3,78.2,65.4,78.4,63.8,18.7,97.7,20.0,-35.84942,-57.89575
84,BUENOS AIRES,LINCOLN,45506,17592,72.3,62.3,63.9,80.7,66.9,18.4,95.1,28.2,-35.07038,-61.68276
85,BUENOS AIRES,LOBERÍA,18243,6847,86.7,75.7,64.5,71.7,66.1,15.1,95.7,33.4,-38.0897,-58.69397
86,BUENOS AIRES,LOBOS,41760,14900,61.3,29.6,59.6,83.3,66.7,16.2,95.2,35.2,-35.21956,-59.14581
87,BUENOS AIRES,LUJÁN,111008,39254,56.5,37.2,61.1,79.3,68.4,18.0,95.8,29.4,-34.56762,-59.15851
88,BUENOS AIRES,MAGDALENA,26830,7765,76.7,53.6,32.0,80.0,51.6,16.5,95.9,22.7,-35.18495,-57.68639
89,BUENOS AIRES,MAIPÚ,11323,4406,92.6,72.5,60.6,72.7,67.1,13.5,97.9,27.5,-36.88657,-57.58617
90,BUENOS AIRES,MAR CHIQUITA,33110,12375,58.8,29.5,42.7,71.3,68.2,15.9,95.7,30.2,-37.49843,-57.64362
91,BUENOS AIRES,MARCOS PAZ,67011,20790,83.0,40.1,33.5,74.0,71.0,12.8,94.1,44.7,-34.81372,-58.84806
92,BUENOS AIRES,MERCEDES,72980,26205,79.8,67.0,63.1,84.7,62.1,19.9,95.5,28.1,-34.69719,-59.42081
93,BUENOS AIRES,MONTE,24868,8781,73.8,56.6,47.5,73.2,61.2,20.0,95.5,30.9,-35.51037,-58.76946
94,BUENOS AIRES,MONTE HERMOSO,8465,3449,84.3,71.2,65.3,81.1,60.1,26.2,96.2,37.3,-38.96257,-61.29047
95,BUENOS AIRES,NAVARRO,19899,7014,87.5,61.6,41.2,82.9,64.3,16.8,94.3,35.2,-35.03041,-59.42979
96,BUENOS AIRES,NECOCHEA,102110,39406,93.2,80.4,74.4,82.1,66.4,18.4,96.1,33.1,-38.25552,-59.16737
97,BUENOS AIRES,9 DE JULIO,52607,20010,79.7,68.7,63.9,80.6,64.6,20.3,96.0,28.7,-35.48119,-60.97512
98,BUENOS AIRES,OLAVARRÍA,125751,46337,87.9,51.0,84.7,80.9,63.4,21.5,96.0,15.3,-36.8567,-60.67073
99,BUENOS AIRES,PATAGONES,37646,14238,94.8,73.3,86.2,79.3,65.5,19.2,96.6,37.7,-40.19733,-62.85291
100,BUENOS AIRES,PEHUAJÓ,44783,17311,44.0,47.7,65.9,73.1,65.3,18.7,91.9,29.5,-35.88338,-61.9272
101,BUENOS AIRES,PELLEGRINI,7143,2692,78.9,78.6,75.1,66.6,63.2,22.2,94.5,26.0,-36.27091,-63.22574
102,BUENOS AIRES,PERGAMINO,115340,42772,89.8,81.0,59.1,75.0,69.1,17.6,94.2,33.0,-33.83582,-60.54507
103,BUENOS AIRES,PILA,4642,1713,76.0,70.8,50.0,68.5,67.1,8.4,94.6,22.6,-36.20235,-58.3409
104,BUENOS AIRES,PILAR,394754,126339,34.4,23.4,32.3,79.5,73.8,14.8,92.5,38.2,-34.4482,-58.90344
105,BUENOS AIRES,PINAMAR,39449,14279,76.5,36.4,68.8,89.1,56.5,30.8,93.5,43.0,-37.10995,-56.86968
106,BUENOS AIRES,PRESIDENTE PERÓN,102106,30598,62.3,37.5,39.6,78.7,78.8,7.9,93.3,50.6,-34.92983,-58.39809
107,BUENOS AIRES,PUÁN,16613,7180,90.6,37.1,80.9,78.8,68.4,18.0,97.2,16.6,-38.0746,-63.05775
108,BUENOS AIRES,PUNTA INDIO,12297,4747,75.9,65.1,32.9,80.7,64.2,16.1,96.7,25.8,-35.42616,-57.3996
109,BUENOS AIRES,RAMALLO,39730,13490,95.0,78.0,48.4,72.4,72.6,15.5,96.4,25.7,-33.5873,-60.05748
110,BUENOS AIRES,RAUCH,16635,6389,87.9,81.2,75.8,63.4,65.1,18.3,95.6,21.8,-36.57225,-58.94441
111,BUENOS AIRES,RIVADAVIA,19849,7196,39.2,64.6,48.7,81.6,65.1,17.3,93.9,32.2,-35.58096,-63.09458
112,BUENOS AIRES,ROJAS,25627,9655,91.8,79.6,60.3,78.6,69.8,14.9,95.9,25.6,-34.1926,-60.78797
113,BUENOS AIRES,ROQUE PÉREZ,13977,5237,59.7,59.4,62.6,84.4,63.8,21.5,97.3,33.8,-35.48111,-59.35959
114,BUENOS AIRES,SAAVEDRA,22537,9033,94.3,74.2,82.8,85.3,60.4,22.1,98.2,23.0,-37.77106,-62.43515
115,BUENOS AIRES,SALADILLO,35656,13510,88.5,63.5,62.3,77.7,64.8,21.3,96.7,30.0,-35.6766,-59.7037
116,BUENOS AIRES,SALLIQUELÓ,9427,3836,87.7,49.7,79.4,84.7,66.8,19.4,97.6,16.9,-36.67101,-63.04913
117,BUENOS AIRES,SALTO,39425,14184,91.8,48.0,49.4,83.1,66.0,20.9,94.0,30.9,-34.27084,-60.30518
118,BUENOS AIRES,SAN ANDRÉS DE GILES,26510,9387,72.8,44.2,48.7,82.2,61.5,18.0,96.2,33.5,-34.43779,-59.47329
119,BUENOS AIRES,SAN ANTONIO DE ARECO,26897,9422,82.1,45.5,62.8,83.5,66.7,18.7,96.7,23.4,-34.22066,-59.51938
120,BUENOS AIRES,SAN CAYETANO,8994,3541,88.9,80.6,78.7,77.7,69.3,15.3,94.6,29.3,-38.38862,-59.58664
121,BUENOS AIRES,SAN NICOLÁS,167824,57215,97.7,89.2,70.6,75.1,69.8,15.4,94.6,28.7,-33.48255,-60.29295
122,BUENOS AIRES,SAN PEDRO,68613,23962,93.3,77.8,47.7,72.3,70.5,15.4,94.6,34.8,-33.78194,-59.78259
123,BUENOS AIRES,SAN VICENTE,98215,30825,45.9,41.5,37.2,71.5,80.0,8.6,93.2,45.6,-35.07046,-58.43192
124,BUENOS AIRES,SUIPACHA,11786,4241,75.5,52.0,67.7,83.4,67.2,15.5,94.0,32.6,-34.74856,-59.70347
125,BUENOS AIRES,TANDIL,145575,58258,93.8,85.0,77.1,82.7,61.4,25.3,96.9,25.2,-37.33566,-59.18181
126,BUENOS AIRES,TAPALQUÉ,10783,4001,77.2,72.2,73.5,77.6,64.8,15.2,96.7,26.4,-36.34714,-60.13088
127,BUENOS AIRES,TORDILLO,2542,927,63.0,30.6,41.1,66.8,71.9,11.4,94.6,16.7,-36.3908,-57.27468
128,BUENOS AIRES,TORNQUIST,14810,5861,89.7,48.0,62.6,86.8,60.1,24.0,96.5,23.8,-38.25579,-62.29042
129,BUENOS AIRES,TRENQUE LAUQUEN,49309,18726,77.8,85.7,74.2,85.7,64.7,20.6,95.1,22.0,-36.05644,-62.63463
130,BUENOS AIRES,TRES ARROYOS,62426,24978,91.8,70.6,74.7,82.6,67.4,19.7,97.1,28.9,-38.51167,-60.23767
131,BUENOS AIRES,TRES LOMAS,9164,3539,91.5,59.0,73.7,81.7,69.1,17.8,96.2,17.7,-36.49732,-62.86344
132,BUENOS AIRES,25 DE MAYO,35563,13632,87.2,56.8,50.0,72.2,65.1,18.7,95.6,35.0,-35.52651,-60.23016
133,BUENOS AIRES,VILLA GESELL,37463,14296,88.6,59.2,49.3,79.2,62.5,22.3,95.1,42.9,-37.37052,-57.06584
134,BUENOS AIRES,VILLARINO,32717,11863,87.5,32.1,47.2,74.3,66.3,18.4,94.5,50.1,-39.12966,-62.7268
135,BUENOS AIRES,ZÁRATE,132221,45121,89.8,62.2,53.7,78.6,72.4,14.0,95.3,30.6,-33.99714,-59.12847
136,CHUBUT,BIEDMA,103173,36907,98.2,82.1,84.5,85.9,65.2,23.5,96.5,27.6,-42.44364,-64.93323
137,CHUBUT,CUSHAMEN,28209,11103,78.1,23.8,68.3,65.2,67.6,16.9,96.3,40.7,-42.36635,-70.71201
138,CHUBUT,ESCALANTE,215453,75459,98.3,88.2,87.5,77.7,64.0,21.6,96.3,25.2,-45.28279,-67.70876
139,CHUBUT,FLORENTINO AMEGHINO,1786,699,84.0,5.6,69.5,75.1,60.9,14.0,94.3,40.5,-44.42327,-66.13007
140,CHUBUT,FUTALEUFÚ,50316,19185,93.9,86.2,89.4,80.8,61.6,22.9,96.9,28.4,-43.07054,-71.45538
141,CHUBUT,GAIMAN,12639,4551,95.0,44.6,80.6,73.7,63.6,16.8,96.9,30.7,-43.27276,-66.17216
142,CHUBUT,GASTRE,1195,538,64.5,10.8,23.8,45.9,70.5,5.0,94.0,39.6,-42.74907,-68.80232
143,CHUBUT,LANGUIÑEO,2884,1176,82.7,67.9,41.1,63.8,70.8,6.6,95.4,35.7,-43.32349,-70.34843
144,CHUBUT,MÁRTIRES,754,337,66.5,59.9,0.0,50.1,60.7,9.7,93.4,30.0,-43.81384,-67.24002
145,CHUBUT,PASO DE INDIOS,1886,769,80.2,53.8,28.5,51.1,73.2,5.6,93.0,40.7,-44.03018,-68.68586
146,CHUBUT,RAWSON,145763,53873,98.6,88.6,93.0,79.4,64.7,20.4,96.8,27.2,-43.13722,-65.07572
147,CHUBUT,RÍO SENGUER,6366,2485,87.6,61.6,69.8,74.2,57.0,13.0,96.4,30.4,-45.34036,-70.6401
148,CHUBUT,SARMIENTO,14596,5083,96.5,84.7,92.1,79.9,55.0,25.3,95.7,27.5,-45.34502,-69.00284
149,CHUBUT,TEHUELCHES,5978,2398,91.0,53.8,82.4,66.8,65.1,13.1,95.8,37.3,-44.20004,-70.5769
150,CHUBUT,TELSEN,1623,694,79.0,39.0,22.2,52.7,58.1,8.7,94.9,40.8,-42.43894,-67.17691
151,CATAMARCA,AMBATO,5129,1751,86.8,4.8,0.9,33.1,81.3,3.1,92.7,34.4,-28.01893,-65.9223
152,CATAMARCA,ANCASTI,3302,1086,59.2,4.9,2.1,29.6,89.5,2.7,86.2,47.1,-28.92667,-65.50381
153,CATAMARCA,ANDALGALÁ,19678,6110,94.4,22.9,0.3,31.4,83.8,5.6,91.9,43.8,-27.54451,-66.35601
154,CATAMARCA,ANTOFAGASTA DE LA SIERRA,2022,629,87.3,37.5,0.6,46.1,76.5,6.5,91.5,27.9,-25.94558,-67.67776
155,CATAMARCA,BELÉN,30569,9563,90.0,52.7,0.7,59.6,80.9,8.3,92.5,48.2,-27.10005,-66.92238
156,CATAMARCA,CAPAYÁN,19885,5805,74.5,4.0,0.8,39.7,85.6,3.7,89.8,43.4,-28.90923,-65.90157
157,CATAMARCA,CAPITAL,186947,59691,98.3,90.2,30.4,82.6,79.9,10.4,94.3,36.3,-28.41046,-65.8362
158,CATAMARCA,EL ALTO,4375,1477,82.5,3.7,0.6,24.0,85.7,4.4,92.5,43.7,-28.43038,-65.35992
159,CATAMARCA,FRAY MAMERTO ESQUIÚ,14625,4261,98.3,9.6,9.8,69.1,85.1,4.7,94.0,33.9,-28.33294,-65.7309
160,CATAMARCA,LA PAZ,26370,8389,91.1,25.1,4.4,25.3,84.1,7.1,91.3,48.2,-29.3952,-65.19195
161,CATAMARCA,PACLÍN,4725,1504,90.4,39.2,0.5,52.9,84.1,4.1,94.5,34.9,-28.11005,-65.67388
162,CATAMARCA,POMÁN,12260,3827,88.5,1.1,0.6,39.0,84.6,6.7,93.6,37.0,-28.2056,-66.4073
163,CATAMARCA,SANTA MARÍA,26929,8495,93.3,38.6,0.5,68.3,76.7,9.2,96.3,48.4,-26.7859,-66.26188
164,CATAMARCA,SANTA ROSA,13322,4187,90.2,1.3,1.2,32.1,84.4,5.1,92.8,50.9,-28.08147,-65.33495
165,CATAMARCA,TINOGASTA,25395,7962,88.8,25.0,1.1,40.8,79.4,6.7,93.2,48.8,-27.54051,-67.92924
166,CATAMARCA,VALLE VIEJO,34029,10416,97.5,3.0,12.9,72.9,84.1,6.0,94.0,36.0,-28.59871,-65.70718
167,CHACO,ALMIRANTE BROWN,37851,11475,39.1,1.8,0.8,52.1,82.7,6.3,86.7,65.7,-25.74786,-61.96052
168,CHACO,BERMEJO,28144,9500,86.1,16.8,0.7,51.1,81.7,6.0,90.9,49.9,-26.95864,-58.70936
169,CHACO,CHACABUCO,34598,11506,20.2,9.7,1.3,65.5,75.5,11.0,89.8,52.7,-27.11793,-61.30889
170,CHACO,COMANDANTE FERNÁNDEZ,101960,33950,79.5,34.2,1.4,57.9,75.9,10.2,90.3,51.8,-26.78714,-60.46187
171,CHACO,12 DE OCTUBRE,23222,7526,25.7,1.5,0.5,59.6,76.0,9.4,91.0,59.9,-27.33624,-61.47477
172,CHACO,2 DE ABRIL,8319,2979,1.7,1.5,0.7,64.2,74.6,12.7,88.8,61.7,-27.62191,-61.32952
173,CHACO,FRAY JUSTO SANTA MARÍA DE ORO,10653,3641,33.6,2.4,1.8,63.6,74.6,9.8,90.9,55.0,-27.86625,-61.30096
174,CHACO,GENERAL BELGRANO,12807,3936,13.9,2.7,1.4,55.6,83.7,3.1,83.5,68.8,-26.84953,-61.07197
175,CHACO,GENERAL DONOVAN,15096,4896,88.7,8.7,0.5,64.5,82.6,5.4,91.9,46.2,-27.14093,-59.34749
176,CHACO,GENERAL GÜEMES,68525,22505,69.7,7.4,1.1,42.5,82.6,6.0,85.9,68.9,-25.21379,-61.33758
177,CHACO,INDEPENDENCIA,21996,6683,26.2,4.0,0.9,44.5,82.0,5.7,82.7,69.2,-26.737,-60.75702
178,CHACO,LIBERTAD,13807,4396,85.7,52.7,1.3,56.4,80.3,4.2,90.2,40.9,-27.35115,-59.26063
179,CHACO,LIBERTADOR GENERAL SAN MARTÍN,65686,21302,87.9,23.5,1.4,53.3,79.6,6.4,87.0,60.0,-26.37852,-59.48788
180,CHACO,MAIPÚ,26416,8447,38.4,15.0,0.6,39.9,80.9,5.0,86.1,66.1,-26.32103,-60.45535
181,CHACO,MAYOR LUIS J. FONTANA,59965,20246,76.2,29.5,1.1,60.2,75.9,9.1,89.6,58.1,-27.74368,-60.65815
182,CHACO,9 DE JULIO,30258,9897,6.7,2.8,0.9,54.0,79.6,8.2,87.3,61.7,-26.94554,-61.26526
183,CHACO,O'HIGGINS,21579,6653,78.6,4.3,0.9,52.9,78.8,7.6,88.3,70.2,-27.25755,-60.68068
184,CHACO,PRESIDENCIA DE LA PLAZA,13956,4415,90.6,40.9,0.4,59.0,78.3,6.3,89.7,62.1,-27.04682,-59.77517
185,CHACO,1° DE MAYO,14279,4842,84.9,5.2,0.6,57.1,80.0,6.1,92.3,46.4,-27.16917,-58.95951
186,CHACO,QUITILIPI,32642,10421,78.2,33.1,1.5,44.8,77.5,5.9,86.6,63.4,-26.66851,-60.1735
187,CHACO,SAN FERNANDO,416140,142251,97.2,55.7,2.0,76.4,75.6,10.4,92.9,38.7,-27.71601,-59.11575
188,CHACO,SAN LORENZO,16062,5383,68.7,3.9,2.3,48.9,82.9,4.2,85.9,64.9,-27.39505,-60.36462
189,CHACO,SARGENTO CABRAL,18793,6288,79.7,10.3,0.9,47.4,82.3,5.2,92.0,57.6,-26.80169,-59.51965
190,CHACO,TAPENAGÁ,4059,1360,62.1,27.4,0.2,40.4,73.3,5.8,89.3,46.4,-27.65988,-59.82887
191,CHACO,25 DE MAYO,32793,9989,80.1,30.8,1.7,46.0,82.9,5.0,87.9,69.3,-26.81903,-60.01877
192,CÓRDOBA,CALAMUCHITA,75911,28298,86.6,13.4,22.2,68.6,62.1,22.0,94.4,42.3,-32.20271,-64.61672
193,CÓRDOBA,CAPITAL,1505250,553470,98.3,55.7,66.2,82.5,57.4,28.0,95.0,32.5,-31.41707,-64.18322
194,CÓRDOBA,COLÓN,295725,97732,93.0,18.3,28.8,75.7,67.5,19.4,94.7,34.2,-31.14405,-64.15287
195,CÓRDOBA,CRUZ DEL EJE,67112,21425,91.3,18.8,4.0,49.7,69.5,13.0,93.0,50.2,-30.65806,-65.07747
196,CÓRDOBA,GENERAL ROCA,36242,13556,53.1,32.7,15.9,77.5,67.6,16.4,94.4,38.1,-34.61707,-64.37876
197,CÓRDOBA,GENERAL SAN MARTÍN,154269,57886,93.8,81.4,71.4,84.0,57.8,28.1,95.9,30.3,-32.51433,-63.25622
198,CÓRDOBA,ISCHILÍN,36074,11660,91.5,3.0,25.5,57.2,69.6,14.4,95.0,44.9,-30.39972,-64.60949
199,CÓRDOBA,JUÁREZ CELMAN,68631,24974,91.7,53.6,55.5,79.3,63.6,22.8,95.8,30.7,-33.32945,-63.60634
200,CÓRDOBA,MARCOS JUÁREZ,107764,41894,92.8,48.3,63.4,80.4,67.8,19.5,95.6,28.6,-33.03085,-62.27677
201,CÓRDOBA,MINAS,4870,1815,71.0,3.0,1.0,30.9,77.7,8.9,92.1,51.7,-31.03555,-65.41119
202,CÓRDOBA,POCHO,5123,1911,55.5,1.4,0.5,22.9,75.3,9.5,92.0,52.2,-31.46344,-65.43848
203,CÓRDOBA,PRESIDENTE ROQUE SÁENZ PEÑA,37726,14169,79.1,52.0,43.2,80.4,64.6,19.3,95.9,33.2,-34.14011,-63.41877
204,CÓRDOBA,PUNILLA,221273,82780,89.4,29.0,24.5,73.1,59.2,24.5,94.0,40.3,-31.22256,-64.58615
205,CÓRDOBA,RÍO CUARTO,279923,105896,94.8,70.6,61.6,78.3,61.8,24.3,94.9,28.3,-33.3308,-64.49418
206,CÓRDOBA,RÍO PRIMERO,58428,19338,87.3,5.4,13.3,69.3,63.2,20.9,94.0,40.6,-31.0328,-63.43857
207,CÓRDOBA,RÍO SECO,15302,5150,81.5,3.0,2.0,29.4,75.6,11.9,93.0,56.2,-30.03219,-63.22382
208,CÓRDOBA,RÍO SEGUNDO,113950,40511,95.9,17.7,59.2,77.0,65.7,21.5,95.4,32.1,-31.73303,-63.47692
209,CÓRDOBA,SAN ALBERTO,42166,14665,84.4,2.0,3.4,54.3,72.1,15.3,93.5,52.7,-31.70779,-65.15641
210,CÓRDOBA,SAN JAVIER,63377,22830,92.8,2.7,19.5,63.8,68.9,16.6,93.6,51.9,-32.07539,-65.14211
211,CÓRDOBA,SAN JUSTO,230339,85574,89.0,43.7,38.1,82.2,60.1,26.0,94.8,29.1,-31.2394,-62.52603
212,CÓRDOBA,SANTA MARÍA,144829,46836,87.0,27.4,29.3,71.1,66.4,15.9,93.7,34.3,-31.7112,-64.30706
213,CÓRDOBA,SOBREMONTE,4503,1515,57.6,0.7,0.3,29.2,75.0,8.0,92.0,42.9,-29.76546,-64.14289
214,CÓRDOBA,TERCERO ARRIBA,120918,45250,96.8,50.0,62.9,80.2,63.7,23.7,95.9,28.7,-32.28771,-63.77925
215,CÓRDOBA,TOTORAL,22495,7531,89.3,3.2,28.2,55.0,68.7,17.2,95.0,38.7,-30.72613,-63.98425
216,CÓRDOBA,TULUMBA,14134,5147,80.6,2.3,0.9,42.7,72.9,13.2,92.0,49.4,-30.22227,-63.81181
217,CÓRDOBA,UNIÓN,114571,42587,95.2,45.2,52.0,80.0,65.9,18.7,95.5,33.2,-32.87845,-62.79143
218,CORRIENTES,BELLA VISTA,44406,13636,78.5,53.8,0.9,53.2,78.2,8.7,89.4,54.9,-28.49739,-58.93044
219,CORRIENTES,BERÓN DE ASTRADA,2826,963,88.5,7.4,1.9,15.2,85.1,3.1,89.9,49.2,-27.47797,-57.61138
220,CORRIENTES,CAPITAL,439270,137451,96.7,78.1,1.9,69.1,71.2,14.7,91.9,33.3,-27.52219,-58.76271
221,CORRIENTES,CONCEPCIÓN,26282,7669,89.0,6.3,0.8,24.4,84.6,4.6,86.3,65.3,-28.4084,-58.03138
222,CORRIENTES,CURUZU CUATIA,51532,16644,88.8,73.9,0.7,66.5,74.3,10.1,89.7,39.0,-29.69552,-58.32484
223,CORRIENTES,EMPEDRADO,17968,5631,70.7,10.3,1.1,38.6,81.0,5.4,90.8,43.0,-27.89612,-58.66584
224,CORRIENTES,ESQUINA,39185,11814,60.2,44.7,1.2,56.9,73.8,8.9,84.0,53.7,-29.98548,-59.24142
225,CORRIENTES,GENERAL ALVEAR,9145,3060,89.7,25.2,1.0,41.8,71.7,7.9,88.3,48.2,-28.77518,-56.51153
226,CORRIENTES,GENERAL PAZ,17020,5557,82.7,39.7,1.0,29.0,79.8,6.9,88.9,52.2,-27.71992,-57.78762
227,CORRIENTES,GOYA,106371,33457,84.5,63.4,1.4,52.4,73.7,9.9,90.0,49.9,-29.45145,-59.25591
228,CORRIENTES,ITATÍ,12010,3688,78.5,28.1,0.9,30.0,77.9,6.6,91.6,54.7,-27.34606,-58.07138
229,CORRIENTES,ITUZAINGÓ,38837,12457,89.4,29.0,0.7,38.8,70.2,9.9,89.4,46.3,-27.91143,-56.79048
230,CORRIENTES,LAVALLE,40448,11627,73.9,34.0,0.9,33.3,76.3,6.9,86.1,68.3,-28.988,-58.93372
231,CORRIENTES,MBURUCUYÁ,11568,3826,82.0,33.4,0.7,21.8,81.7,6.0,88.7,51.9,-28.01638,-58.18556
232,CORRIENTES,MERCEDES,49882,15529,89.2,66.4,1.1,60.5,77.7,9.8,90.4,47.4,-29.06451,-57.81839
233,CORRIENTES,MONTE CASEROS,45670,14642,90.5,82.6,0.7,66.7,70.2,14.6,88.2,45.3,-30.22896,-57.87029
234,CORRIENTES,PASO DE LOS LIBRES,56989,17896,87.6,68.2,1.4,53.7,71.6,13.2,90.7,46.8,-29.59364,-57.29963
235,CORRIENTES,SALADAS,29198,8457,83.4,38.8,0.9,36.8,76.9,7.9,87.3,54.1,-28.21247,-58.61991
236,CORRIENTES,SAN COSME,19706,6482,67.2,5.1,0.8,52.6,78.3,7.1,89.6,39.1,-27.38231,-58.51749
237,CORRIENTES,SAN LUIS DEL PALMAR,21459,6245,75.4,37.3,0.6,55.2,79.2,6.5,89.2,46.6,-27.60205,-58.26854
238,CORRIENTES,SAN MARTÍN,15187,4987,90.8,43.6,0.9,34.1,74.7,9.2,88.6,46.6,-28.82897,-56.93159
239,CORRIENTES,SAN MIGUEL,12713,3833,83.4,3.9,0.9,28.2,82.5,3.6,87.9,61.8,-27.87582,-57.40999
240,CORRIENTES,SAN ROQUE,22715,6868,87.9,30.8,0.9,40.7,81.8,5.5,88.0,56.1,-28.7058,-58.61302
241,CORRIENTES,SANTO TOMÉ,71927,23424,91.1,67.2,1.1,58.4,72.6,15.0,89.1,40.2,-28.23111,-56.22221
242,CORRIENTES,SAUCE,10382,3286,87.6,54.6,1.1,60.7,79.8,7.1,88.6,52.1,-29.99954,-58.79504
243,ENTRE RÍOS,COLÓN,75305,27796,89.2,79.5,29.7,76.6,64.9,21.3,94.0,31.0,-32.01148,-58.36991
244,ENTRE RÍOS,CONCORDIA,198802,64806,94.0,81.2,20.3,72.1,70.9,11.7,91.7,45.1,-31.2903,-58.23787
245,ENTRE RÍOS,DIAMANTE,53595,19672,88.3,64.4,36.0,75.4,65.4,19.8,93.6,27.7,-32.22804,-60.52393
246,ENTRE RÍOS,FEDERACIÓN,78691,26248,89.3,85.5,16.7,73.6,70.3,17.0,90.9,43.8,-30.73489,-58.15915
247,ENTRE RÍOS,FEDERAL,29667,9999,86.6,61.4,9.9,63.0,72.3,11.6,92.4,44.0,-30.99243,-58.89186
248,ENTRE RÍOS,FELICIANO,16803,5387,82.4,66.6,6.6,64.3,78.3,9.4,92.2,48.7,-30.41394,-58.7288
249,ENTRE RÍOS,GUALEGUAY,57303,20385,89.6,81.0,34.0,66.5,69.1,16.1,93.5,34.0,-33.1199,-59.60162
250,ENTRE RÍOS,GUALEGUAYCHÚ,126147,45599,90.6,87.7,38.7,75.7,66.0,18.0,94.8,35.6,-33.02235,-58.78579
251,ENTRE RÍOS,ISLAS DEL IBICUY,14000,4676,65.1,34.8,1.9,52.0,70.1,10.6,92.6,44.4,-33.62413,-58.93516
252,ENTRE RÍOS,LA PAZ,75407,24525,88.8,70.7,13.3,66.0,72.6,10.6,93.4,47.2,-30.89746,-59.50045
253,ENTRE RÍOS,NOGOYÁ,43195,15109,85.2,76.4,28.3,67.9,69.9,12.8,93.6,36.6,-32.21871,-59.7697
254,ENTRE RÍOS,PARANÁ,391696,141269,95.2,77.6,45.5,80.7,69.3,17.2,95.0,26.9,-31.69523,-60.04117
255,ENTRE RÍOS,SAN SALVADOR,20854,7137,92.8,87.5,15.8,72.5,69.7,16.5,92.2,35.5,-31.57688,-58.48637
256,ENTRE RÍOS,TALA,31309,11336,88.5,71.8,27.7,63.9,68.4,15.4,93.9,40.9,-32.31741,-59.26729
257,ENTRE RÍOS,URUGUAY,116356,43089,88.9,85.4,29.4,77.5,67.1,18.0,94.3,31.7,-32.44997,-58.58227
258,ENTRE RÍOS,VICTORIA,40652,14388,89.4,69.7,23.5,59.3,68.6,13.5,94.3,32.8,-32.78394,-60.21807
259,ENTRE RÍOS,VILLAGUAY,55796,19239,86.6,76.1,17.8,69.8,66.8,15.9,93.1,41.4,-31.64774,-59.05947
260,FORMOSA,BERMEJO,15644,5007,47.3,1.5,0.2,29.3,85.3,4.5,83.4,77.6,-24.02556,-61.2828
261,FORMOSA,FORMOSA,269589,88295,95.9,72.8,1.0,70.8,73.2,12.1,90.7,44.0,-25.93964,-58.37732
262,FORMOSA,LAISHÍ,19303,6385,75.5,9.8,0.5,42.0,79.8,6.6,88.5,56.0,-26.46759,-58.56544
263,FORMOSA,MATACOS,17032,5165,78.0,1.7,0.6,43.2,78.2,8.9,84.3,71.6,-23.85486,-62.07689
264,FORMOSA,PATIÑO,81819,27749,51.5,3.2,0.7,40.2,77.6,8.6,86.8,66.0,-24.87506,-59.9585
265,FORMOSA,PILAGÁS,19116,6278,26.7,3.0,0.5,41.3,85.3,4.9,87.1,63.8,-25.10538,-58.66163
266,FORMOSA,PILCOMAYO,94383,30189,63.8,41.4,1.4,58.3,79.1,8.9,87.7,61.1,-25.37004,-58.06261
267,FORMOSA,PIRANÉ,72804,24397,79.5,13.6,0.9,44.5,77.4,8.5,87.8,63.1,-25.76729,-59.15926
268,FORMOSA,RAMÓN LISTA,17729,4741,75.9,2.2,0.3,15.7,87.2,2.5,82.2,83.7,-23.12016,-62.1382
269,JUJUY,COCHINOCA,15054,4850,84.5,31.4,4.3,48.4,78.5,8.9,92.2,56.7,-22.93924,-65.93469
270,JUJUY,DR. MANUEL BELGRANO,320990,100036,98.0,78.5,50.2,81.1,73.1,12.4,90.9,39.6,-24.08934,-65.44848
271,JUJUY,EL CARMEN,122366,33904,97.1,44.2,27.6,67.5,75.1,8.7,94.0,55.4,-24.44782,-65.10113
272,JUJUY,HUMAHUACA,20914,6528,88.4,42.9,18.7,30.9,78.0,5.8,88.4,54.4,-23.08214,-65.40891
273,JUJUY,LEDESMA,94252,27854,96.8,66.5,30.4,55.9,80.1,6.0,91.3,49.5,-23.78553,-64.82876
274,JUJUY,PALPALÁ,65541,19284,98.1,83.1,35.6,79.9,73.5,9.1,94.0,41.9,-24.19492,-65.12645
275,JUJUY,RINCONADA,1802,703,55.0,18.6,1.6,23.5,86.8,5.1,92.6,36.3,-22.62162,-66.54157
276,JUJUY,SAN ANTONIO,6729,2110,76.6,22.3,0.4,71.6,74.6,4.4,91.6,40.9,-24.34673,-65.44685
277,JUJUY,SAN PEDRO,88241,26794,96.0,73.2,31.9,54.1,78.9,5.7,93.5,45.0,-24.29855,-64.81101
278,JUJUY,SANTA BÁRBARA,20499,6066,87.8,52.3,0.9,28.2,83.1,3.4,91.1,54.5,-24.00755,-64.40231
279,JUJUY,SANTA CATALINA,2646,876,71.1,5.9,0.3,12.6,78.0,5.5,84.1,57.3,-22.13793,-66.22766
280,JUJUY,SUSQUES,4098,1141,77.4,4.4,0.4,39.6,82.3,5.5,91.3,35.9,-23.52043,-66.6618
281,JUJUY,TILCARA,14721,4960,90.5,34.6,10.1,34.0,77.0,7.9,93.5,57.4,-23.56054,-65.31975
282,JUJUY,TUMBAYA,5381,1733,73.5,49.5,2.5,35.4,72.0,9.7,94.1,48.5,-23.74347,-65.6961
283,JUJUY,VALLE GRANDE,2509,931,82.9,9.2,1.6,32.5,84.8,2.9,91.3,40.8,-23.46706,-65.01192
284,JUJUY,YAVÍ,25868,7936,91.8,60.3,7.0,42.5,69.8,16.1,92.1,61.3,-22.29067,-65.56696
285,LA PAMPA,ATREUCÓ,11138,4526,88.6,46.4,88.6,84.9,67.1,16.7,96.8,32.4,-37.0325,-63.77889
286,LA PAMPA,CALEU CALEU,2611,959,87.4,2.1,83.1,67.2,75.0,11.9,96.5,33.6,-38.67558,-63.89682
287,LA PAMPA,CAPITAL,119632,48011,91.5,89.8,93.4,90.5,64.7,22.4,96.3,28.4,-36.49806,-64.19813
288,LA PAMPA,CATRILÓ,8235,3084,85.7,11.6,83.0,82.0,67.7,16.3,95.7,33.8,-36.58167,-63.66487
289,LA PAMPA,CHALILEO,2885,1114,86.3,3.7,80.2,62.7,71.0,13.8,95.3,43.6,-36.39541,-66.57276
290,LA PAMPA,CHAPALEUFÚ,12334,4753,75.1,56.1,89.2,86.7,69.5,15.2,95.0,35.5,-35.22724,-63.66091
291,LA PAMPA,CHICAL CO,1466,541,81.0,1.7,25.9,60.8,77.6,9.3,95.5,51.3,-36.3979,-67.69539
292,LA PAMPA,CONHELO,15186,6150,58.4,58.9,88.5,81.8,70.4,14.8,97.3,36.9,-36.03154,-64.5106
293,LA PAMPA,CURACÓ,1116,460,83.3,2.4,3.7,64.1,62.5,12.7,93.1,44.4,-38.17974,-66.33013
294,LA PAMPA,GUATRACHÉ,9517,3931,82.3,5.2,82.6,77.0,70.6,14.4,74.4,37.1,-37.48365,-63.78131
295,LA PAMPA,HUCAL,7787,3443,89.6,1.9,86.8,79.6,70.1,15.2,96.7,31.3,-37.97923,-63.95448
296,LA PAMPA,LIHUEL CALEL,443,179,55.3,0.0,2.2,45.8,56.7,6.5,93.8,34.1,-38.26166,-65.09663
297,LA PAMPA,LIMAY MAHUIDA,423,188,63.3,0.0,0.0,54.3,62.9,4.7,94.9,37.6,-37.2419,-66.55523
298,LA PAMPA,LOVENTUÉ,9322,3656,88.2,48.1,84.6,78.6,72.6,11.2,97.1,38.7,-36.47877,-65.53297
299,LA PAMPA,MARACÓ,69514,26792,86.5,89.0,93.5,87.2,65.2,22.5,95.9,29.5,-35.67962,-63.66249
300,LA PAMPA,PUELÉN,11654,4097,82.1,69.9,80.0,79.4,65.3,20.0,95.0,36.9,-37.43418,-67.60496
301,LA PAMPA,QUEMÚ QUEMÚ,8460,3367,87.8,16.9,88.5,80.8,69.8,13.6,95.6,30.7,-36.13064,-63.66374
302,LA PAMPA,RANCUL,11133,4173,82.9,1.7,86.2,80.6,71.8,12.8,96.1,41.7,-35.40159,-64.80149
303,LA PAMPA,REALICÓ,17470,6735,77.1,64.8,94.1,81.2,71.0,16.8,95.5,33.6,-35.22579,-64.21023
304,LA PAMPA,TOAY,18029,6416,60.9,53.4,82.8,90.8,72.6,13.9,96.7,27.5,-36.66216,-64.69221
305,LA PAMPA,TRENEL,5702,2257,72.0,60.2,88.8,80.5,71.2,16.2,94.8,35.4,-35.63188,-64.21438
306,LA PAMPA,UTRACÁN,17802,6741,92.8,74.4,86.3,83.2,66.0,17.9,95.9,37.4,-37.33388,-65.08283
307,LA RIOJA,ARAUCO,16257,5211,88.8,9.2,2.6,61.3,81.9,9.4,92.8,51.8,-28.53307,-66.71915
308,LA RIOJA,GENERAL ÁNGEL V. PEÑALOZA,3185,1021,80.8,31.0,0.4,49.5,88.4,3.3,96.8,46.3,-30.3129,-66.66305
309,LA RIOJA,CAPITAL,211651,70016,96.1,84.4,18.0,81.4,74.9,13.8,95.5,37.4,-29.46049,-66.35251
310,LA RIOJA,CASTRO BARROS,5810,1977,91.6,2.5,2.4,64.8,71.4,8.5,89.9,35.5,-28.85998,-66.91858
311,LA RIOJA,CHAMICAL,15666,5317,94.8,60.3,13.1,71.5,76.4,12.7,93.5,42.5,-30.16771,-65.95629
312,LA RIOJA,CHILECITO,58798,18531,96.0,59.1,1.7,71.5,77.2,12.1,93.5,47.4,-29.39594,-67.42789
313,LA RIOJA,FAMATINA,7002,2404,93.1,2.8,0.6,62.7,79.3,7.6,95.0,39.5,-28.6973,-67.55929
314,LA RIOJA,GENERAL BELGRANO,7618,2633,95.1,3.2,1.9,59.6,75.0,12.9,94.0,46.3,-30.57769,-65.93163
315,LA RIOJA,CORONEL FELIPE VARELA,11372,3681,91.5,1.2,1.4,67.8,78.7,8.6,94.8,48.6,-29.4498,-68.32848
316,LA RIOJA,GENERAL JUAN F. QUIROGA,4017,1299,87.9,12.5,1.2,61.1,84.2,6.4,92.5,42.8,-30.80096,-66.8681
317,LA RIOJA,GENERAL LAMADRID,1886,612,96.4,0.0,1.0,68.1,85.4,5.2,96.5,45.2,-28.79044,-68.69775
318,LA RIOJA,GENERAL OCAMPO,7349,2589,47.5,2.0,0.4,56.1,79.8,9.9,94.6,43.9,-31.00664,-66.05905
319,LA RIOJA,GENERAL SAN MARTÍN,5019,1594,77.4,0.8,0.7,59.8,82.4,7.6,93.8,50.7,-31.64131,-66.14598
320,LA RIOJA,INDEPENDENCIA,2401,742,73.5,0.9,0.1,54.9,86.3,5.1,92.2,48.7,-30.11446,-67.33552
321,LA RIOJA,ROSARIO VERA PEÑALOZA,15783,5331,84.2,1.2,1.4,69.9,75.2,13.0,93.7,51.0,-31.4206,-66.67886
322,LA RIOJA,SAN BLAS DE LOS SAUCES,4314,1436,91.6,1.1,0.4,65.3,83.0,4.3,97.1,41.9,-28.54333,-67.15815
323,LA RIOJA,SANAGASTA,3038,927,95.5,2.2,0.4,78.3,79.1,6.7,92.5,35.1,-29.15853,-67.06588
324,LA RIOJA,VINCHINA,2699,935,93.5,1.1,0.9,69.4,80.5,7.0,97.1,35.5,-28.31642,-68.5254
325,MENDOZA,CAPITAL,127160,48953,96.9,95.0,81.5,82.8,50.4,33.6,93.7,25.9,-32.88065,-68.89217
326,MENDOZA,GENERAL ALVEAR,52584,18200,94.9,48.6,57.9,69.8,66.3,18.6,92.8,41.8,-35.21784,-67.08045
327,MENDOZA,GODOY CRUZ,195159,67442,98.0,95.7,84.4,81.8,58.5,24.9,95.0,29.4,-32.92976,-68.88908
328,MENDOZA,GUAYMALLÉN,321966,102156,93.8,82.1,73.1,79.9,60.0,22.7,94.1,37.5,-32.89104,-68.73237
329,MENDOZA,JUNÍN,46604,14160,94.1,49.2,49.5,65.3,63.2,13.8,93.9,37.5,-33.14621,-68.48034
330,MENDOZA,LA PAZ,12086,3896,92.4,55.5,58.3,58.7,74.6,11.8,95.6,36.7,-33.71147,-67.24754
331,MENDOZA,LAS HERAS,234401,69841,91.8,86.4,66.4,72.5,62.5,17.9,92.7,41.1,-32.52477,-69.26718
332,MENDOZA,LAVALLE,47167,13770,86.6,25.5,23.7,56.1,65.5,9.5,93.3,54.6,-32.58259,-67.88907
333,MENDOZA,LUJÁN DE CUYO,175056,52742,87.9,55.8,64.6,79.2,66.4,15.0,93.7,29.5,-33.03825,-69.44371
334,MENDOZA,MAIPÚ,219402,65240,91.0,55.6,60.5,76.7,65.2,15.4,92.3,38.2,-32.97751,-68.65217
335,MENDOZA,MALARGÜE,32717,11011,89.1,2.5,72.7,75.3,68.6,16.1,95.0,36.3,-36.15727,-69.31351
336,MENDOZA,RIVADAVIA,63724,19923,94.9,48.2,54.7,62.2,63.0,14.2,94.5,42.1,-33.41971,-68.61218
337,MENDOZA,SAN CARLOS,39869,12529,83.9,44.5,48.9,67.8,61.3,16.7,93.5,47.2,-34.07537,-69.0977
338,MENDOZA,SAN MARTÍN,139792,42374,91.8,60.0,48.3,65.0,61.8,15.3,92.3,42.4,-32.90888,-68.28442
339,MENDOZA,SAN RAFAEL,215020,72750,94.1,47.5,54.2,77.8,61.3,20.1,93.2,39.9,-34.94454,-68.38268
340,MENDOZA,SANTA ROSA,19382,5975,75.9,8.8,34.9,59.0,62.2,9.7,96.0,36.7,-33.61779,-67.96366
341,MENDOZA,TUNUYÁN,60171,18666,88.3,63.6,49.8,67.6,60.0,19.6,91.7,44.3,-33.62233,-69.50781
342,MENDOZA,TUPUNGATO,41280,12556,87.8,46.9,40.5,65.5,59.4,18.0,91.2,52.3,-33.29151,-69.30197
343,MISIONES,APÓSTOLES,50597,16251,88.5,8.8,1.6,48.3,75.5,11.9,89.9,46.5,-27.8888,-55.67827
344,MISIONES,CAINGUÁS,59953,19569,68.4,3.9,1.9,47.4,81.2,8.6,86.3,51.9,-27.14783,-54.80234
345,MISIONES,CANDELARIA,35318,11424,85.4,5.1,1.5,45.3,79.6,6.2,89.1,53.9,-27.46085,-55.58269
346,MISIONES,CAPITAL,392919,134385,94.9,54.8,4.7,77.9,70.5,15.3,92.6,38.5,-27.55078,-55.85685
347,MISIONES,CONCEPCIÓN,10348,3260,78.1,6.9,2.0,45.2,78.4,8.2,83.6,49.7,-27.93117,-55.46704
348,MISIONES,ELDORADO,91728,31013,88.6,8.9,1.8,46.4,73.8,13.7,89.9,37.5,-26.31384,-54.44074
349,MISIONES,GENERAL MANUEL BELGRANO,45570,14524,58.3,5.4,1.3,63.5,82.1,9.1,83.0,61.5,-25.97863,-53.96366
350,MISIONES,GUARANÍ,77160,25190,38.7,3.3,1.8,56.2,83.4,9.0,81.2,56.0,-27.02623,-54.26937
351,MISIONES,IGUAZÚ,100096,32205,73.6,14.6,1.4,58.4,78.5,11.6,88.3,51.5,-25.87474,-54.40042
352,MISIONES,LEANDRO N. ALEM,49797,17090,72.8,5.2,1.9,57.0,76.0,12.2,88.1,41.8,-27.63067,-55.38807
353,MISIONES,LIBERTADOR GENERAL SAN MARTÍN,52428,17674,84.8,23.8,1.6,53.9,73.0,13.9,89.7,51.0,-26.89314,-54.92336
354,MISIONES,MONTECARLO,38669,12707,80.3,25.8,1.9,48.3,78.8,9.9,89.8,48.4,-26.65791,-54.56318
355,MISIONES,OBERÁ,121701,40953,75.7,27.6,1.9,64.2,73.4,13.7,88.6,44.5,-27.47636,-55.07122
356,MISIONES,SAN IGNACIO,63394,20929,84.2,5.5,1.4,50.5,78.1,9.2,89.3,55.7,-27.17659,-55.33929
357,MISIONES,SAN JAVIER,23503,7617,74.4,12.0,2.7,53.1,81.4,7.7,86.3,48.3,-27.7771,-55.16746
358,MISIONES,SAN PEDRO,34801,10587,45.8,2.2,1.1,53.2,86.7,6.0,80.0,68.6,-26.62996,-53.96298
359,MISIONES,25DE MAYO,30891,10289,52.7,2.6,1.1,43.8,84.1,7.7,81.1,51.1,-27.37861,-54.63409
360,NEUQUÉN,ALUMINÉ,10244,3696,74.5,41.3,58.9,77.8,65.0,18.7,93.7,38.6,-39.13149,-71.04632
361,NEUQUÉN,AÑELO,18166,6158,80.7,59.4,65.5,64.8,60.7,21.1,90.3,38.9,-38.09865,-69.01276
362,NEUQUÉN,CATÁN LIL,2676,913,45.8,23.5,34.3,48.2,77.1,6.7,85.0,44.4,-39.48079,-70.43356
363,NEUQUÉN,CHOS MALAL,18368,6909,93.4,72.3,86.6,77.7,67.5,19.9,95.9,34.4,-36.88049,-70.28628
364,NEUQUÉN,COLLÓN CURÁ,4835,1736,89.3,82.1,85.3,65.4,63.8,17.4,94.3,32.9,-40.05292,-70.28135
365,NEUQUÉN,CONFLUENCIA,468794,170634,95.5,80.4,86.9,80.0,66.5,20.6,94.6,30.2,-38.83253,-68.79301
366,NEUQUÉN,HUILICHES,20973,7086,86.2,78.2,78.4,74.2,56.4,25.2,90.0,37.0,-39.79468,-71.259
367,NEUQUÉN,LÁCAR,39596,14971,90.2,78.5,85.1,83.7,58.4,27.2,96.1,31.4,-40.31423,-71.18425
368,NEUQUÉN,LONCOPUÉ,7698,2620,85.3,72.1,72.4,59.2,72.6,14.0,92.9,33.0,-38.06591,-70.31406
369,NEUQUÉN,LOS LAGOS,15555,5932,92.0,21.7,81.6,73.4,54.6,28.5,96.6,34.4,-40.77439,-71.4867
370,NEUQUÉN,MINAS,9267,3574,86.0,49.9,72.3,66.7,76.5,14.1,95.6,29.4,-36.85839,-70.78366
371,NEUQUÉN,ÑORQUÍN,5609,2068,86.9,44.8,70.1,56.6,75.9,13.4,94.4,28.0,-37.63788,-70.67778
372,NEUQUÉN,PEHUENCHES,29753,10508,84.7,60.4,86.0,65.9,67.7,22.3,94.1,29.6,-37.39844,-69.40195
373,NEUQUÉN,PICÚN LEUFÚ,5087,1894,81.4,65.7,66.2,55.4,73.0,13.2,95.2,39.0,-39.40399,-69.42719
374,NEUQUÉN,PICUNCHES,8495,2960,88.5,63.0,75.7,71.4,67.3,16.0,94.1,31.8,-38.57427,-70.37293
375,NEUQUÉN,ZAPALA,45698,15722,93.9,82.7,85.8,68.4,66.6,17.1,93.0,33.8,-38.92204,-69.82221
376,RÍO NEGRO,ADOLFO ALSINA,64482,24254,96.5,87.2,89.5,85.2,61.1,23.1,96.3,30.2,-40.79175,-63.76509
377,RÍO NEGRO,AVELLANEDA,41352,14951,92.6,82.3,86.3,70.6,64.3,20.8,93.7,41.2,-39.41019,-66.20626
378,RÍO NEGRO,BARILOCHE,162088,63087,91.5,57.7,83.0,73.6,64.5,21.4,96.0,32.6,-41.49812,-71.53108
379,RÍO NEGRO,CONESA,7429,2721,90.6,44.3,83.5,75.4,66.4,20.3,93.6,49.4,-40.14872,-64.30489
380,RÍO NEGRO,EL CUY,6960,2648,55.4,2.1,1.1,51.8,78.2,9.9,87.9,46.4,-39.70164,-68.4846
381,RÍO NEGRO,GENERAL ROCA,380525,138563,93.0,74.7,82.6,75.9,65.6,19.9,93.9,33.6,-38.53249,-67.55448
382,RÍO NEGRO,9 DE JULIO,3719,1453,71.6,5.4,55.1,61.3,73.5,11.3,94.2,43.4,-40.92564,-67.45749
383,RÍO NEGRO,ÑORQUINCO,1452,597,61.1,1.5,33.3,28.5,71.1,8.4,90.4,51.2,-41.73983,-70.40111
384,RÍO NEGRO,PICHI MAHUIDA,16551,6257,88.6,54.1,89.6,64.0,70.2,16.1,94.8,40.9,-39.40768,-64.40059
385,RÍO NEGRO,PILCANIYEU,9373,3589,86.7,9.1,77.1,70.3,68.9,17.2,96.9,27.2,-40.88758,-70.46269
386,RÍO NEGRO,SAN ANTONIO,35800,13177,98.2,55.9,89.9,80.8,60.5,22.1,95.0,38.5,-40.95279,-65.37125
387,RÍO NEGRO,VALCHETA,4319,1631,85.5,41.8,78.2,69.4,69.3,13.8,94.5,40.1,-40.97458,-66.31089
388,RÍO NEGRO,25 DE MAYO,16718,6007,88.4,20.5,78.8,65.3,68.4,14.8,91.6,43.5,-41.13308,-68.90632
389,SALTA,ANTA,70170,19357,89.3,38.7,16.4,44.6,77.7,7.3,86.2,55.1,-24.87513,-63.8401
390,SALTA,CACHI,8948,2702,75.4,34.3,2.6,44.8,71.1,10.1,93.0,59.3,-25.03823,-66.20303
391,SALTA,CAFAYATE,17829,5183,90.0,85.3,0.5,72.0,68.7,13.9,94.7,21.2,-26.12551,-65.88009
392,SALTA,CAPITAL,627704,188314,96.4,88.4,65.4,82.1,69.5,15.6,93.4,39.6,-24.89023,-65.27027
393,SALTA,CERRILLOS,55949,15211,89.7,46.5,34.3,65.2,72.6,7.8,92.5,46.0,-24.98855,-65.40384
394,SALTA,CHICOANA,24729,6847,88.6,46.5,19.5,49.1,64.1,9.3,93.5,42.8,-25.15147,-65.60593
395,SALTA,GENERAL GÜEMES,56166,15595,94.1,61.9,45.1,57.5,71.8,10.0,91.1,47.9,-24.76482,-64.9561
396,SALTA,GENERAL JOSÉ DE SAN MARTÍN,178004,50449,89.5,56.9,39.7,43.5,80.8,7.6,88.0,62.2,-22.71695,-63.66274
397,SALTA,GUACHIPAS,3491,1098,72.6,54.9,0.0,33.1,66.0,7.6,94.9,45.4,-25.70295,-65.44454
398,SALTA,IRUYA,6118,1847,64.6,25.3,1.8,47.4,80.4,8.7,85.4,58.8,-22.81484,-64.92022
399,SALTA,LA CALDERA,12299,4003,69.8,3.8,26.7,70.5,74.7,9.0,95.3,31.2,-24.56239,-65.4301
400,SALTA,LA CANDELARIA,7205,2190,90.9,9.5,0.3,18.3,74.8,7.9,85.0,46.4,-26.08387,-65.17659
401,SALTA,LA POMA,1789,549,55.4,14.8,6.7,37.5,78.2,8.2,90.3,52.7,-24.14688,-66.20731
402,SALTA,LA VIÑA,8900,2667,87.5,35.7,12.4,43.8,71.6,6.9,94.5,46.1,-25.44759,-65.58076
403,SALTA,LOS ANDES,7182,1865,88.4,64.0,49.2,68.5,71.1,12.9,88.5,44.9,-24.64244,-67.34403
404,SALTA,METÁN,48245,13857,92.6,74.7,40.2,53.8,71.3,10.9,90.9,46.7,-25.42517,-64.58814
405,SALTA,MOLINOS,5820,1547,63.5,28.5,0.3,53.3,74.2,4.9,91.9,57.1,-25.56436,-66.45491
406,SALTA,ORÁN,160642,44245,91.2,72.4,31.9,40.0,79.8,6.8,87.8,58.3,-23.49877,-64.15102
407,SALTA,RIVADAVIA,38113,11075,60.3,5.8,0.8,15.5,91.1,2.8,80.5,75.7,-23.51284,-62.83038
408,SALTA,ROSARIO DE LA FRONTERA,33809,10384,89.7,73.0,42.8,42.8,75.8,8.0,92.0,49.1,-25.87187,-64.72789
409,SALTA,ROSARIO DE LERMA,51028,14173,87.7,35.9,36.3,56.8,71.5,9.1,91.6,44.0,-24.54629,-65.85309
410,SALTA,SAN CARLOS,7798,2324,58.3,51.9,0.7,57.4,63.7,6.4,92.0,27.9,-25.82769,-66.17424
411,SALTA,SANTA VICTORIA,9413,2948,58.3,30.9,1.0,39.3,84.4,8.6,87.4,61.9,-22.39583,-64.89564
412,SAN JUAN,ALBARDÓN,31284,8950,93.9,19.7,19.7,61.8,70.9,8.6,92.4,53.0,-31.20963,-68.45198
413,SAN JUAN,ANGACO,10176,2925,90.1,32.0,8.3,59.4,61.0,6.1,93.7,52.2,-31.19222,-68.13196
414,SAN JUAN,CALINGASTA,11034,3308,94.7,2.4,0.5,48.2,64.7,12.9,93.4,45.9,-31.45337,-69.8338
415,SAN JUAN,CAPITAL,115390,42112,98.0,85.9,77.4,76.8,53.7,28.4,94.0,28.0,-31.53307,-68.53429
416,SAN JUAN,CAUCETE,44047,12527,91.7,65.6,48.7,58.4,63.2,10.2,93.1,55.5,-31.50638,-67.54586
417,SAN JUAN,CHIMBAS,105627,28926,96.0,29.5,55.2,56.6,69.3,10.3,91.5,49.0,-31.48742,-68.52393
418,SAN JUAN,IGLESIA,8845,2652,95.0,14.4,0.4,51.8,70.5,9.6,92.5,44.9,-29.60669,-69.43795
419,SAN JUAN,JÁCHAL,25297,7686,93.1,16.2,0.9,59.5,63.6,11.3,94.2,47.5,-30.35508,-68.44127
420,SAN JUAN,9 DE JULIO,12514,3477,88.1,23.7,8.0,54.1,70.8,5.9,88.0,54.1,-31.6458,-68.38905
421,SAN JUAN,POCITO,72915,20453,89.1,30.1,40.4,52.4,69.1,8.0,89.7,53.3,-31.74596,-68.58421
422,SAN JUAN,RAWSON,136617,40213,94.5,51.2,62.1,64.5,63.9,14.2,92.6,44.2,-31.68659,-68.46756
423,SAN JUAN,RIVADAVIA,101666,31184,98.1,43.6,69.0,72.6,65.0,16.6,91.9,36.1,-31.55423,-68.64162
424,SAN JUAN,SAN MARTÍN,15037,4076,88.1,38.5,0.8,55.5,62.3,8.0,91.5,53.9,-31.52854,-68.20729
425,SAN JUAN,SANTA LUCÍA,62729,18755,97.4,65.1,56.4,65.7,63.6,16.2,90.6,38.6,-31.53272,-68.46341
426,SAN JUAN,SARMIENTO,27188,7560,88.2,27.7,0.6,55.7,71.0,8.8,90.5,56.0,-32.07354,-68.69114
427,SAN JUAN,ULLUM,6454,1926,93.6,8.5,1.2,52.9,73.4,3.7,91.2,51.6,-31.09046,-68.88158
428,SAN JUAN,VALLE FÉRTIL,8526,2823,87.9,7.5,1.5,47.4,75.1,8.6,91.4,50.6,-30.7123,-67.5323
429,SAN JUAN,25 DE MAYO,20824,5590,79.9,28.6,0.6,52.8,70.9,3.5,91.3,63.0,-31.98962,-67.8274
430,SAN JUAN,ZONDA,6683,1951,89.6,4.0,0.8,56.3,74.3,4.5,91.5,49.7,-31.6382,-68.95557
431,SAN LUIS,AYACUCHO,23913,8042,92.2,37.5,11.1,72.0,64.8,16.2,90.1,42.8,-32.16566,-66.54225
432,SAN LUIS,BELGRANO,5583,2024,65.1,21.0,1.5,69.1,70.5,8.1,89.9,37.6,-32.73561,-66.71501
433,SAN LUIS,CHACABUCO,26557,9578,92.3,56.0,39.6,77.7,64.9,19.1,89.0,40.1,-32.72697,-65.19824
434,SAN LUIS,CORONEL PRINGLES,16049,5796,88.3,50.3,29.9,71.5,63.8,15.0,93.9,40.0,-33.10688,-65.90079
435,SAN LUIS,GENERAL PEDERNERA,148875,50809,94.2,88.6,58.8,82.1,64.2,17.3,93.1,39.4,-33.89055,-65.56285
436,SAN LUIS,GOBERNADOR DUPUY,14343,4790,70.6,30.6,0.6,70.5,70.3,11.7,87.2,49.4,-35.36909,-65.81482
437,SAN LUIS,JUAN MARTÍN DE PUEYRREDÓN,261697,87426,95.8,87.1,60.4,78.3,66.1,19.0,93.3,32.0,-33.90088,-66.50258
438,SAN LUIS,JUNÍN,40361,15332,95.1,12.0,33.1,75.9,61.0,25.3,92.9,47.2,-32.21655,-65.39396
439,SAN LUIS,LIBERTADOR GENERAL SAN MARTÍN,4691,1752,51.3,31.1,0.7,59.8,71.8,6.7,88.9,39.2,-32.57842,-65.70959
440,SANTA CRUZ,CORPEN AIKE,15171,5528,98.3,80.9,96.1,82.4,52.5,32.2,97.6,14.2,-49.94748,-69.44695
441,SANTA CRUZ,DESEADO,126743,44139,82.5,75.4,93.5,79.4,64.2,24.1,94.9,19.4,-47.33052,-68.02908
442,SANTA CRUZ,GÜER AIKE,137895,48687,92.2,84.6,94.7,89.9,60.0,26.8,95.2,15.2,-51.41341,-70.56182
443,SANTA CRUZ,LAGO ARGENTINO,25586,9499,98.2,71.4,90.1,87.3,54.8,35.4,95.4,17.7,-49.83649,-72.06547
444,SANTA CRUZ,LAGO BUENOS AIRES,12606,4594,95.0,78.5,78.3,87.5,55.0,31.4,95.3,14.4,-46.8341,-70.63141
445,SANTA CRUZ,MAGALLANES,12911,4577,97.7,86.7,92.4,84.7,57.2,29.2,94.8,14.7,-48.83834,-68.46816
446,SANTA CRUZ,RÍO CHICO,6314,2238,92.3,86.1,83.3,89.9,57.6,25.0,94.5,15.8,-48.28733,-71.11384
447,SANTA FE,BELGRANO,48781,17431,86.4,75.1,56.3,78.3,71.0,16.2,94.0,24.6,-32.6103,-61.7043
448,SANTA FE,CASEROS,86912,33265,84.4,57.1,53.1,76.5,72.6,16.3,94.9,26.4,-33.2215,-61.53102
449,SANTA FE,CASTELLANOS,190577,68784,81.0,60.3,29.8,82.1,62.9,23.0,93.8,27.6,-31.23141,-61.65696
450,SANTA FE,VILLA CONSTITUCIÓN,93441,33343,94.9,57.2,47.9,76.1,71.6,14.3,93.1,28.0,-33.48558,-60.85138
451,SANTA FE,GARAY,24927,8226,53.6,3.4,1.1,50.4,76.0,10.4,90.5,50.5,-31.05464,-60.12581
452,SANTA FE,GENERAL LÓPEZ,201574,77047,61.9,47.5,55.7,79.0,65.7,20.2,93.7,31.7,-33.92515,-61.945
453,SANTA FE,GENERAL OBLIGADO,197986,66345,82.2,44.2,5.0,70.4,74.5,13.2,90.4,44.2,-28.67197,-59.52665
454,SANTA FE,IRIONDO,74504,27244,87.0,67.4,48.4,77.6,68.4,16.8,94.1,29.0,-32.70608,-61.27339
455,SANTA FE,LA CAPITAL,572265,205760,86.9,54.4,45.6,79.6,68.1,17.7,93.2,31.6,-31.47536,-60.66948
456,SANTA FE,LAS COLONIAS,115740,42750,89.0,63.8,53.2,79.0,63.6,21.8,94.0,24.6,-31.31534,-61.10948
457,SANTA FE,9 DE JULIO,30995,10768,37.6,11.1,5.6,60.1,71.5,11.4,91.8,48.7,-28.84961,-61.39835
458,SANTA FE,ROSARIO,1348725,503575,93.7,72.7,63.9,77.7,66.0,19.4,92.9,27.2,-33.12786,-60.71084
459,SANTA FE,SAN CRISTÓBAL,72801,26167,36.5,28.0,2.1,69.5,62.0,16.5,91.8,39.3,-30.22832,-61.36002
460,SANTA FE,SAN JAVIER,33274,11369,72.0,17.3,0.9,55.5,75.7,9.9,90.7,48.3,-30.10415,-59.89807
461,SANTA FE,SAN JERÓNIMO,87307,30513,85.2,46.6,31.9,75.1,69.6,13.8,92.2,33.5,-32.15377,-61.04813
462,SANTA FE,SAN JUSTO,46665,16699,93.4,51.2,2.1,69.3,68.8,16.8,94.3,38.1,-30.53042,-60.48869
463,SANTA FE,SAN LORENZO,194580,66746,90.9,42.6,51.3,76.4,72.6,13.8,93.2,27.7,-32.94231,-60.9615
464,SANTA FE,SAN MARTÍN,67827,25283,39.4,67.7,46.1,79.1,67.7,18.0,93.5,26.2,-32.01258,-61.80825
465,SANTA FE,VERA,56027,18652,86.3,32.3,1.2,65.3,74.3,10.1,90.2,47.9,-28.96993,-60.41354
466,SANTIAGO DEL ESTERO,AGUIRRE,8970,2990,34.0,1.9,0.5,24.3,82.5,7.0,89.0,64.5,-29.29787,-62.51534
467,SANTIAGO DEL ESTERO,ALBERDI,20104,5683,46.8,0.9,0.5,35.9,90.3,3.7,79.9,68.9,-26.52105,-62.72747
468,SANTIAGO DEL ESTERO,ATAMISQUI,14903,4120,49.2,0.7,0.7,22.5,94.9,1.1,88.5,75.0,-28.69182,-63.88156
469,SANTIAGO DEL ESTERO,AVELLANEDA,25476,7204,43.5,1.0,0.8,19.9,89.7,2.4,84.3,75.8,-28.55536,-63.20377
470,SANTIAGO DEL ESTERO,BANDA,170651,50396,93.3,30.4,26.7,53.6,86.4,4.3,90.7,53.3,-27.43471,-64.20987
471,SANTIAGO DEL ESTERO,BELGRANO,10813,3400,19.0,1.9,0.6,59.4,75.5,10.6,89.2,56.5,-29.0814,-62.21877
472,SANTIAGO DEL ESTERO,CAPITAL,330112,100899,97.3,47.7,52.4,74.5,81.9,7.0,93.8,41.0,-27.88477,-64.43567
473,SANTIAGO DEL ESTERO,CHOYA,43736,13763,89.8,53.5,32.0,39.3,82.6,6.4,92.2,52.1,-28.75363,-64.7639
474,SANTIAGO DEL ESTERO,COPO,35741,10756,61.7,1.8,0.5,41.1,89.3,3.2,83.5,71.4,-25.93925,-62.7305
475,SANTIAGO DEL ESTERO,FIGUEROA,20270,6115,33.7,0.3,0.3,11.7,95.2,0.7,83.9,73.9,-27.32186,-63.57963
476,SANTIAGO DEL ESTERO,GENERAL TABOADA,46508,13478,74.6,1.4,0.8,43.4,85.1,4.2,83.4,65.0,-28.56828,-62.33883
477,SANTIAGO DEL ESTERO,GUASAYÁN,9255,2948,79.9,0.9,1.9,19.7,88.9,2.6,87.5,59.1,-27.97677,-64.87115
478,SANTIAGO DEL ESTERO,JIMÉNEZ,18625,5696,75.4,1.6,1.5,18.1,91.2,1.7,87.7,53.8,-26.89959,-64.27252
479,SANTIAGO DEL ESTERO,JUAN F. IBARRA,20589,5636,68.5,1.1,0.9,23.7,91.6,2.3,88.5,71.3,-28.0395,-62.54401
480,SANTIAGO DEL ESTERO,LORETO,24060,6822,68.0,2.3,0.7,24.3,90.0,3.6,90.5,63.1,-28.62448,-64.31073
481,SANTIAGO DEL ESTERO,MITRE,1440,510,3.3,0.6,0.6,12.0,89.5,1.8,81.8,72.7,-29.61507,-62.73868
482,SANTIAGO DEL ESTERO,MORENO,40460,11144,68.4,2.7,0.4,28.1,85.5,5.5,84.1,65.3,-27.29814,-62.46333
483,SANTIAGO DEL ESTERO,OJO DE AGUA,15116,4873,39.9,0.8,1.2,10.3,84.9,6.7,86.8,63.3,-29.30409,-64.01499
484,SANTIAGO DEL ESTERO,PELLEGRINI,26193,7974,71.0,2.0,0.9,25.7,90.6,3.4,84.9,68.5,-26.22033,-64.09121
485,SANTIAGO DEL ESTERO,QUEBRACHOS,12354,3756,67.0,4.4,1.9,15.7,84.1,6.4,81.1,66.1,-29.3823,-63.35351
486,SANTIAGO DEL ESTERO,RÍO HONDO,66761,20231,59.3,53.3,12.4,25.9,88.9,3.0,87.4,62.1,-27.48541,-64.76019
487,SANTIAGO DEL ESTERO,RIVADAVIA,5315,1817,34.8,1.7,0.6,65.4,67.3,9.5,93.4,49.5,-30.02056,-62.28045
488,SANTIAGO DEL ESTERO,ROBLES,54015,15633,90.3,8.7,1.7,22.6,86.8,4.2,86.4,66.7,-27.85394,-63.90751
489,SANTIAGO DEL ESTERO,SALAVINA,12787,3730,32.5,10.2,0.6,13.8,93.5,1.1,82.6,74.4,-28.91874,-63.30359
490,SANTIAGO DEL ESTERO,SAN MARTÍN,11848,3088,49.4,1.4,0.3,11.6,86.9,1.5,85.7,68.7,-28.18776,-63.85411
491,SANTIAGO DEL ESTERO,SARMIENTO,5038,1403,50.5,0.4,0.1,9.2,91.8,1.2,83.1,76.3,-28.10611,-63.44618
492,SANTIAGO DEL ESTERO,SILÍPICA,9766,2927,70.3,0.6,0.2,15.7,93.1,0.3,88.5,68.7,-28.18885,-64.27327
493,TIERRA DEL FUEGO ANTÁRTIDA E ISLAS DEL ATLÁNTICO,RÍO GRANDE,99241,34738,96.7,95.0,84.8,81.7,61.8,26.3,93.9,18.0,-53.74629,-68.1361
494,TIERRA DEL FUEGO ANTÁRTIDA E ISLAS DEL ATLÁNTICO,TOLHUIN,6039,2215,76.1,66.5,73.0,50.1,61.7,26.3,93.0,20.2,-54.42456,-67.50348
495,TIERRA DEL FUEGO ANTÁRTIDA E ISLAS DEL ATLÁNTICO,USHUAIA,80371,29234,91.0,86.4,80.2,86.1,54.0,31.8,94.3,11.6,-54.77046,-66.68372
496,TUCUMÁN,BURRUYACÚ,45476,12474,73.9,4.1,0.7,29.2,85.8,1.7,87.6,37.2,-26.53094,-64.81981
497,TUCUMÁN,CAPITAL,590342,185937,95.2,84.9,63.1,75.7,66.5,16.2,91.1,29.7,-26.83272,-65.2175
498,TUCUMÁN,CHICLIGASTA,92608,26016,94.5,59.0,29.5,63.4,82.7,5.8,90.0,41.1,-27.26958,-65.81101
499,TUCUMÁN,CRUZ ALTA,228077,61872,88.5,11.2,18.7,53.3,83.3,3.4,89.8,35.6,-26.91824,-64.97573
500,TUCUMÁN,FAMAILLÁ,42702,11321,92.3,57.1,23.9,51.2,82.0,4.8,88.3,38.4,-26.97599,-65.47898
501,TUCUMÁN,GRANEROS,15540,4775,82.8,2.5,1.8,36.2,85.9,2.8,89.3,57.2,-27.71346,-65.25548
502,TUCUMÁN,JUAN BAUTISTA ALBERDI,34766,10271,89.0,56.2,34.3,51.1,81.9,5.3,91.4,45.6,-27.60589,-65.7832
503,TUCUMÁN,LA COCHA,21218,6045,91.7,1.2,0.5,46.5,86.4,3.9,90.5,50.0,-27.7937,-65.59814
504,TUCUMÁN,LEALES,66392,18693,80.3,20.1,12.4,40.2,87.4,1.9,89.0,34.7,-27.1918,-65.08501
505,TUCUMÁN,LULES,93552,25936,88.4,50.8,32.5,67.3,81.6,5.5,90.5,34.5,-26.86244,-65.43106
506,TUCUMÁN,MONTEROS,77551,21699,93.8,36.4,25.9,65.4,83.8,4.7,92.3,35.6,-27.11061,-65.64314
507,TUCUMÁN,RÍO CHICO,64962,18376,94.4,48.4,28.5,54.3,85.5,3.5,88.9,47.7,-27.45013,-65.75173
508,TUCUMÁN,SIMOCA,36973,10556,72.1,12.6,10.2,44.1,84.2,3.9,88.9,50.0,-27.42416,-65.29187
509,TUCUMÁN,TAFÍ DEL VALLE,22440,7092,73.0,2.0,1.5,45.4,83.3,7.6,88.6,45.3,-26.5914,-65.8895
510,TUCUMÁN,TAFÍ VIEJO,172986,47933,86.5,41.0,44.6,64.8,77.4,7.0,91.1,32.6,-26.66073,-65.46344
511,TUCUMÁN,TRANCAS,23494,6922,80.5,2.6,16.5,37.0,76.5,6.2,87.7,48.1,-26.34326,-65.40548
512,TUCUMÁN,YERBA BUENA,102741,29624,88.4,60.8,61.9,82.9,77.8,9.6,94.3,21.3,-26.78619,-65.34241
